<?xml version="1.0" encoding="UTF-8"?>
<project-private xmlns="http://www.netbeans.org/ns/project-private/1">
    <editor-bookmarks xmlns="http://www.netbeans.org/ns/editor-bookmarks/2" lastBookmarkId="0"/>
    <open-files xmlns="http://www.netbeans.org/ns/projectui-open-files/2">
        <group>
            <file>file:/K:/Etec/3Semestre/Projetos%20netbeans/Elementos-BDJava/src/Banco/Conexao.java</file>
            <file>file:/K:/Etec/3Semestre/Projetos%20netbeans/Elementos-BDJava/src/Negocio/Logica.java</file>
            <file>file:/K:/Etec/3Semestre/Projetos%20netbeans/Elementos-BDJava/src/GUI/ConsultarPet.java</file>
        </group>
    </open-files>
</project-private>
